{"options":{"awareOfChrome":false,"check_for_updates":true,"comment":null,"compat_arrayleft":false,"compat_foreach":false,"compat_forvarin":false,"compat_metadata":false,"compat_uW_gmonkey":false,"compat_wrappedjsobject":false,"compatopts_for_requires":true,"noframes":null,"override":{"merge_connects":true,"merge_excludes":true,"merge_includes":true,"merge_matches":true,"orig_connects":[],"orig_excludes":[],"orig_includes":["https://monitor.boch.gov.tw/*","http://www.cy-tech.com/*","https://eocdss1.ncdr.nat.gov.tw/*","https://eocdss.ncdr.nat.gov.tw/*","http://eocdss.ncdr.nat.gov.tw/web/*","https://aims.boch.gov.tw/*"],"orig_matches":[],"orig_noframes":null,"orig_run_at":"document-idle","use_blockers":[],"use_connects":[],"use_excludes":[],"use_includes":[],"use_matches":[]},"run_at":null},"settings":{"enabled":true,"position":3},"meta":{"name":"Tampermonkey for Private Boch Login","uuid":"0d6ebc04-a40b-4f1e-af2f-0fb30bd76ffa","modified":1557321143600}}